<?xml version="1.0" encoding="UTF-8"?>
<beans xmlns:tx="http://www.springframework.org/schema/tx" xmlns="http://www.springframework.org/schema/beans"
	xmlns:xsi="http://www.w3.org/2001/XMLSchema-instance" xmlns:context="http://www.springframework.org/schema/context"

	xmlns:util="http://www.springframework.org/schema/util" xmlns:mvc="http://www.springframework.org/schema/mvc"
	xsi:schemaLocation="http://www.springframework.org/schema/mvc http://www.springframework.org/schema/mvc/spring-mvc-3.1.xsd
    http://www.springframework.org/schema/beans http://www.springframework.org/schema/beans/spring-beans-2.5.xsd 
    http://www.springframework.org/schema/context http://www.springframework.org/schema/context/spring-context-2.5.xsd
    http://www.springframework.org/schema/util http://www.springframework.org/schema/util/spring-util-2.0.xsd
    http://www.springframework.org/schema/tx http://www.springframework.org/schema/tx/spring-tx-2.5.xsd">

	<context:property-placeholder location="classpath:db.properties" />
	<context:component-scan base-package="com.mindtree.*" />
	<bean
		class="org.springframework.beans.factory.config.PropertyPlaceholderConfigurer">
		<property name="locations">
			<list>
				<value>classpath:db.properties</value>
			</list>
		</property>
	</bean>

	<bean id="sessionFactory"
		class="org.springframework.orm.hibernate4.LocalSessionFactoryBean">
		<property name="dataSource">
			<ref bean="dataSource" />
		</property>

		<property name="hibernateProperties">
			<ref bean="hibernateProperties" />
		</property>

		<property name="annotatedClasses">
			<list>
				<value>com.mindtree.pojo.Employee</value>
				<value>com.mindtree.pojo.Project</value>
			</list>
		</property>
	</bean>

	<bean id="hibernateProperties"
		class="org.springframework.beans.factory.config.PropertiesFactoryBean">
		<property name="properties">
			<props>
				<prop key="query.factory_class">
					org.hibernate.loader.criteria.CriteriaQueryTranslator
				</prop>
				<prop key="hibernate.dialect">
					org.hibernate.dialect.MySQLDialect
				</prop>
				<prop key="hibernate.query.substitutions">
					true 'T', false 'F'
				</prop>
				<prop key="hibernate.show_sql">true</prop>
				<prop key="hibernate.generate_statistics">true</prop>
				<prop key="hibernate.jdbc.batch_size">50</prop>
				<prop key="hibernate.max_fetch_depth">3</prop>
				<prop key="hibernate.cache.provider_class">
					org.hibernate.cache.NoCacheProvider
				</prop>
				<prop key="hibernate.connection.autocommit">true</prop>
				<prop key="hibernate.cache.use_query_cache">false</prop>
				<prop key="hibernate.hbm2ddl.auto">update</prop>
			</props>
		</property>
	</bean>

	<bean id="hibernateTemplate" class="org.springframework.orm.hibernate5.HibernateTemplate">
		<property name="sessionFactory" ref="sessionFactory" />
	</bean>

	<bean id="transactionManager"
		class="org.springframework.orm.hibernate4.HibernateTransactionManager">
		<property name="sessionFactory" ref="sessionFactory" />
	</bean>

	<bean id="dataSource"
		class="org.springframework.jdbc.datasource.DriverManagerDataSource">
		<property name="driverClassName" value="${jdbc.driverClassName}"></property>
		<property name="url" value="${jdbc.url}"></property>
		<property name="username" value="${jdbc.username}"></property>
		<property name="password" value="${jdbc.password}"></property>
	</bean>

</beans>